Question,Expected Answer,Actual Answer,RAG Accuracy,KG Answer,KG Acccuracy,RAG(csv),KG Accuracy(csv),In Range,ROUGE-L F1,BLEU,NER_MODEL_ANSWER
What is the mean age in the Renal impairment group 1 group?,['57.0 years (mean)'],The mean age in the Renal impairment group 1 (Mild) is 57 years.,True,"The mean age for the Renal Impairment Group 1, which corresponds to the group with mild renal impairment, is 57 years with a standard deviation of 13 years. This information is derived from the baseline demographic and clinical characteristics provided in the study. 

In clinical research, the mean age is an important demographic characteristic as it helps to understand the population being studied and can influence the interpretation of the study results. The standard deviation provides insight into the variability of ages within the group, indicating how much individual ages deviate from the mean age. 

It is important to note that while the mean age provides a central tendency, the standard deviation indicates that there is a range of ages within the group, which can affect the generalizability of the study findings to other populations. Additionally, the study's sample size and specific inclusion criteria can also impact the applicability of these results to broader patient populations.",True,,True,True,1,1,"The mean age in the Renal impairment group 1 group cannot be determined from the given graph data. The data provided primarily consists of relationships between different entities such as drugs, studies, and individuals involved in research. Age information is not explicitly mentioned in the graph data. To calculate the mean age in the Renal impairment group 1 group, specific age data related to this group would be needed."
What is the mean weight in the Renal impairment group 1 group?,['83.4 kg (mean)'],The mean weight in the Renal impairment group 1 (Mild) is 83.4 kg.,True,"The mean weight for the Renal Impairment Group 1, which corresponds to the group with mild renal impairment, is 83.4 kg with a standard deviation of 19.5 kg. This data is derived from the baseline demographic and clinical characteristics provided in the study. 

In clinical research, the mean weight is an important parameter as it can influence the pharmacokinetics of a drug, including its distribution and clearance. However, it is important to note that the standard deviation is relatively high, indicating variability in the weights of the participants within this group. This variability can affect the interpretation of pharmacokinetic data and should be considered when analyzing the study results.

The study aimed to assess the pharmacokinetics, safety, and tolerability of oral semaglutide in subjects with varying degrees of renal impairment. The findings suggest that renal impairment did not significantly affect the pharmacokinetics of semaglutide, and the drug was well-tolerated across different levels of renal function. However, the study's short duration limits conclusions on long-term safety, and further research is needed to confirm these findings over extended periods.",True,,True,True,1,1,"The mean weight in the Renal impairment group 1 group cannot be determined based on the given graph data. The graph data primarily consists of relationships between different entities such as drugs, studies, researchers, and terms, but it does not contain any specific weight data related to the Renal impairment group 1 group. In order to calculate the mean weight in that group, weight data specific to individuals in that group would be needed."
What is the mean body mass index (bmi) in the Renal impairment group 1 group?,['29.0 kg/m¬≤ (mean)'],28.4,False,"The mean body mass index (BMI) for the Renal Impairment Group 1, which corresponds to the group with mild renal impairment, is 29.0 kg/m¬≤ with a standard deviation of 5.5 kg/m¬≤. This data is derived from the baseline demographic and clinical characteristics provided in the study on the pharmacokinetics, safety, and tolerability of oral semaglutide in subjects with renal impairment.

In clinical research, BMI is a commonly used measure to assess body weight relative to height and is calculated as weight in kilograms divided by the square of height in meters (kg/m¬≤). It is an important parameter in studies involving pharmacokinetics and drug safety, as body composition can influence drug distribution and metabolism.

It is important to note that while the study provides detailed information on BMI and other baseline characteristics, the sample size for each renal impairment group is relatively small (n=12 for the mild impairment group), which may limit the generalizability of the findings. Additionally, the study's focus on pharmacokinetics and safety means that BMI is primarily used as a descriptive statistic rather than a primary endpoint.",True,,True,False,0,0,"The provided graph data does not contain any information related to body mass index (bmi) or Renal impairment group 1. Therefore, it is not possible to calculate the mean body mass index (bmi) in the Renal impairment group 1 group based on the given data. Additional relevant data or information pertaining to bmi and Renal impairment group 1 would be necessary to accurately determine the mean body mass index in that specific group."
What is the percent sex in the Renal impairment group 1 group?,['41.7 % (percent)'],41.70%,True,"In the study titled ""Pharmacokinetics, Safety and Tolerability of Oral Semaglutide in Subjects with Renal Impairment,"" the distribution of sex within the renal impairment groups is detailed. Specifically, for the group with mild renal impairment, which is referred to as ""Renal impairment group 1"" in your query, the percentage of male participants is 41.7%. This is based on the data provided, where 5 out of 12 subjects in the mild renal impairment group were male.

This information is relevant for understanding the demographic composition of the study groups, which can influence the interpretation of pharmacokinetic and safety data. It is important to consider such demographic factors when analyzing clinical trial results, as they can affect the generalizability of the findings to broader patient populations. However, the study does not provide detailed information on the female participants or other gender identities, which is a limitation in terms of understanding the full demographic profile of the study population.",True,,True,True,1,1,"The graph data provided does not contain any information related to the Renal impairment group 1 or any data regarding the percentage of sex in that group. Therefore, it is not possible to determine the percent sex in the Renal impairment group 1 based on the given graph data. Additional information specific to the Renal impairment group 1 would be needed in order to provide a comprehensive answer to this question."
What is the percent disease status in the Renal impairment group 1 group?,['16.7 % (percent)'],25%,False,"The question pertains to the ""percent disease status"" in the Renal Impairment Group 1, which is likely referring to the group with mild renal impairment in the context of the study on oral semaglutide. Based on the provided data, the study categorized subjects into different groups based on their renal function: normal, mild, moderate, severe, and end-stage renal disease (ESRD).

For the mild renal impairment group, the study included 12 subjects. The relevant data provided indicates that 2 out of these 12 subjects (16.7%) had diabetes. This percentage reflects the proportion of subjects with diabetes within the mild renal impairment group, which could be considered a ""disease status"" in the context of this study.

It is important to note that the study's primary focus was on assessing the pharmacokinetics, safety, and tolerability of oral semaglutide across different levels of renal function, rather than specifically quantifying disease status in terms of diabetes prevalence. The study found that semaglutide exposure did not vary consistently across renal function groups, and renal impairment did not significantly impact the pharmacokinetics of semaglutide, suggesting that dose adjustments may not be necessary for patients with renal impairment.

In summary, the ""percent disease status"" in the mild renal impairment group, in terms of diabetes prevalence, is 16.7%. However, the study's primary endpoints were related to pharmacokinetics and safety, rather than disease prevalence.",True,,False,False,0,0,"The percent disease status in the Renal impairment group 1 group cannot be determined from the given graph data. The graph primarily shows relationships between different entities such as drugs, studies, and individuals involved in drug metabolism and toxicology. It does not provide specific information about disease status in the Renal impairment group 1 group. Additional data or context would be needed to determine the percent disease status in that specific group."
What is the mean body mass index (bmi) in the Renal impairment group 2 group?,['30.1 kg/m¬≤ (mean)'],The mean body mass index (BMI) in the Moderate renal impairment group is 30.1 kg/m¬≤.,True,"The mean body mass index (BMI) for the Renal Impairment Group 2, which corresponds to the group with mild renal impairment, is 29.0 kg/m¬≤ with a standard deviation of 5.5 kg/m¬≤. This data is derived from the baseline demographic and clinical characteristics provided in the study, which categorizes subjects based on their renal function.

In clinical research, BMI is a commonly used measure to assess body weight relative to height and is calculated as weight in kilograms divided by the square of height in meters (kg/m¬≤). It is an important parameter in studies involving pharmacokinetics and safety, as body composition can influence drug distribution and metabolism.

It is important to note that while the study provides detailed information on BMI and other baseline characteristics, the sample size for each renal impairment group is relatively small (n=12 for the mild impairment group). This can limit the generalizability of the findings to broader populations. Additionally, the study focuses on the pharmacokinetics, safety, and tolerability of oral semaglutide, and while BMI is a relevant factor, the primary endpoints are related to drug exposure and safety outcomes.",False,,False,True,1,1,"The graph data provided does not contain any information related to body mass index (bmi) or Renal impairment group 2 group. Therefore, it is not possible to determine the mean body mass index in the Renal impairment group 2 group based on the given graph data."
What is the count renal function group in the Renal impairment group 1 group?,['12.0 nan (count)'],24,False,"In the study titled ""Pharmacokinetics, Safety and Tolerability of Oral Semaglutide in Subjects with Renal Impairment,"" the participants were categorized into different groups based on their renal function. The ""Renal impairment group 1"" refers to the group with mild renal impairment. According to the available data, this group consisted of 12 participants. 

The study aimed to assess the pharmacokinetics, safety, and tolerability of oral semaglutide, a glucagon-like peptide-1 (GLP-1) receptor agonist, in subjects with varying degrees of renal impairment. The participants were divided into five groups based on their renal function: normal (n=24), mild impairment (n=12), moderate impairment (n=12), severe impairment (n=12), and end-stage renal disease (ESRD) (n=11).

The study found that semaglutide exposure, measured as the area under the plasma concentration-time curve (AUC24,Day10) and maximum concentration (Cmax,Day10), did not show a consistent pattern of variation across the different renal function groups. This suggests that renal impairment did not significantly affect the pharmacokinetics of oral semaglutide. Additionally, the study reported that oral semaglutide was well-tolerated across all groups, with no increase in adverse events correlating with the degree of renal impairment.

It is important to note that while the study provides valuable insights, the sample size for each renal impairment group was relatively small, which may limit the generalizability of the findings. Further research with larger sample sizes and longer follow-up periods would be beneficial to confirm these results and assess long-term safety.",True,,True,False,0,0,"The count of renal function group in the Renal impairment group 1 group is not explicitly provided in the given graph data. The graph data mainly consists of relationships between different entities such as drugs, studies, terms & conditions, researchers, and conversion equations, but there is no specific information regarding the count of renal function group in the Renal impairment group 1 group. Additional data or context would be needed to provide a comprehensive answer to this question."
What is the mean age in the Renal impairment group 2 group?,['59.0 years (mean)'],The mean age in the Renal impairment group 2 (Moderate group) is 59 years.,True,"The mean age of participants in the Renal Impairment Group 2, which corresponds to the ""Mild"" renal impairment group, is 57 years with a standard deviation of 13 years. This information is derived from the baseline demographic and clinical characteristics provided in the study. The study categorizes renal impairment based on creatinine clearance, with the ""Mild"" group having a creatinine clearance range of 60‚Äì89 mL/min/1.73 m¬≤.

It is important to note that the study's design and sample size may limit the generalizability of these findings. The study included a relatively small number of participants in each renal impairment category, which could affect the robustness of the statistical analysis. Additionally, the study's short duration does not allow for conclusions on long-term safety or efficacy. Further research with larger sample sizes and longer follow-up periods would be beneficial to confirm these findings and assess the long-term implications of oral semaglutide use in patients with varying degrees of renal impairment.",False,,True,True,1,1,"The graph data provided does not contain information about the mean age in the Renal impairment group 2 group. The data mainly consists of relationships between different entities such as drugs, studies, researchers, and publications. In order to determine the mean age in the Renal impairment group 2 group, specific data related to age within that group would need to be provided."
What is the nan haemodialysis status in the Renal impairment group 1 group?,['nan nan (nan)'],The context does not provide specific information about the nan haemodialysis status in the Renal impairment group 1 group.,False,"The study titled ""Pharmacokinetics, Safety and Tolerability of Oral Semaglutide in Subjects with Renal Impairment"" investigated the pharmacokinetics of oral semaglutide in subjects with varying degrees of renal impairment, including those with end-stage renal disease (ESRD) requiring haemodialysis. The study included 71 participants divided into groups based on renal function: normal, mild, moderate, severe, and ESRD.

For the ESRD group, which included 11 participants, the study found that haemodialysis did not significantly affect the pharmacokinetics of semaglutide. Specifically, the area under the curve (AUC) and maximum concentration (Cmax) of semaglutide did not show a consistent pattern of variation across different renal function groups, including those undergoing haemodialysis. The estimated ratio of the AUC during haemodialysis to the predicted AUC was close to 1 (0.97, 95% CI 0.92‚Äì1.01), indicating that haemodialysis did not significantly alter semaglutide exposure.

Additionally, the study reported that semaglutide was not generally detected in urine samples, except in one subject with ESRD, suggesting minimal renal excretion. This aligns with the understanding that semaglutide is primarily metabolized by proteolytic cleavage and not significantly cleared by the kidneys.

In terms of safety, oral semaglutide was well-tolerated across all renal function groups, including those with ESRD. The incidence of adverse events (AEs) did not increase with the degree of renal impairment, and no severe hypoglycemic episodes were reported.

Overall, the study concluded that renal impairment, including ESRD requiring haemodialysis, does not necessitate dose adjustments for oral semaglutide. However, it is important to note that the study's short duration limits conclusions on long-term safety, and further research is needed to confirm these findings over extended periods.",False,,False,False,0,0,"The nan haemodialysis status in the Renal impairment group 1 group cannot be determined based on the given graph data. The graph data primarily focuses on relationships between different entities such as drugs, metabolism, toxicology, studies, and individuals involved in research. The information provided does not directly address the nan haemodialysis status in a specific group related to renal impairment. Additional data or context specific to nan haemodialysis and renal impairment would be needed to accurately determine the status in the mentioned group."
What is the percent sex in the Renal impairment group 2 group?,['75.0 % (percent)'],75.00%,True,"In the study titled ""Pharmacokinetics, Safety and Tolerability of Oral Semaglutide in Subjects with Renal Impairment,"" the demographic data for the renal impairment groups, including sex distribution, is provided. Specifically, for the group with moderate renal impairment, which is referred to as ""Renal impairment group 2"" in your context, the percentage of male participants is 75.0%. This means that 9 out of the 12 participants in this group were male.

This information is clinically relevant as it helps to understand the demographic composition of the study groups, which can influence the interpretation of pharmacokinetic and safety data. It is important to note that the study aimed to assess the pharmacokinetics, safety, and tolerability of oral semaglutide across different levels of renal function, and the sex distribution is a part of the baseline characteristics that can affect drug metabolism and response.

If you have further questions or need additional details about the study, feel free to ask.",False,,False,True,1,1,"The percent sex in the Renal impairment group 2 group cannot be determined from the given graph data. The data provided mainly consists of relationships between different entities and does not contain any information directly related to the sex distribution in the Renal impairment group 2 group. To determine the percent sex in this group, specific data related to the sex distribution within the group would be required."
What is the mean creatinine clearance in the Renal impairment group 2 group?,['47.0 mL/min/1.73 m¬≤ (mean)'],71 mL/min/1.73 m¬≤,False,"The mean creatinine clearance for the Renal Impairment Group 2, which corresponds to the ""Mild"" renal impairment group in the study, is 71 mL/min/1.73 m¬≤. This value is derived from the baseline demographic and clinical characteristics provided in the study, where creatinine clearance is listed for each renal function group.

Creatinine clearance is a measure used to assess kidney function, specifically how well the kidneys are able to filter creatinine from the blood. It is often used to estimate the glomerular filtration rate (GFR), which is a key indicator of renal function. The values are typically adjusted for body surface area to standardize the measurement across individuals of different sizes.

In this study, the creatinine clearance values were calculated using the Cockcroft-Gault formula, which takes into account age, weight, serum creatinine, and sex, and is adjusted to body surface area using the Dubois and Dubois formula.

It is important to note that while creatinine clearance provides useful information about kidney function, it is an estimate and can be influenced by factors such as muscle mass and diet. Additionally, the study's sample size for each renal impairment group is relatively small, which may limit the generalizability of the findings.",False,,True,False,0,0,"The mean creatinine clearance in the Renal impairment group 2 group cannot be determined based on the given graph data. The graph data provided does not contain any information related to creatinine clearance or Renal impairment group 2. To calculate the mean creatinine clearance in the Renal impairment group 2 group, specific data related to creatinine clearance values in that group would be needed."
What is the percent sex in the Renal impairment group 3 group?,['75.0 % (percent)'],75.00%,True,"In the study titled ""Pharmacokinetics, Safety and Tolerability of Oral Semaglutide in Subjects with Renal Impairment,"" the ""Renal impairment group 3"" refers to the group with moderate renal impairment. According to the data provided, this group consisted of 12 participants, with 75.0% being male. This percentage translates to 9 out of the 12 participants in the moderate renal impairment group being male.

This demographic detail is important for understanding the study population's composition, which can influence the interpretation of pharmacokinetic and safety data. However, it is essential to note that the study's findings may not be fully generalizable to all populations due to the specific characteristics of the study participants, such as the predominance of male subjects in this group.",True,,True,True,1,1,"The graph data provided does not contain any information related to the percent sex in the Renal impairment group 3 group. The data primarily focuses on relationships between different terms, studies, and individuals in the field of drug metabolism and toxicology. In order to determine the percent sex in the Renal impairment group 3 group, additional data or information specific to that group would be needed."
What is the mean age in the Renal impairment group 3 group?,['57.0 years (mean)'],59,False,"The mean age of participants in the ""Moderate"" renal impairment group, which corresponds to ""Renal impairment group 3,"" is 59 years with a standard deviation of 11 years. This information is derived from the baseline demographic and clinical characteristics provided in the study. 

In clinical research, the mean age is an important demographic characteristic as it can influence the pharmacokinetics and pharmacodynamics of a drug. In this study, the participants were categorized based on their renal function, and the mean age provides insight into the typical age of individuals with moderate renal impairment who were included in the trial.

It is important to note that while the mean age provides a central tendency, the standard deviation indicates variability within the group, suggesting that individual ages may vary significantly around the mean. This variability can be relevant when considering the generalizability of the study findings to broader populations. 

If you have further questions or need additional details about the study, feel free to ask.",True,,False,False,0,0,"The mean age in the Renal impairment group 3 group cannot be determined from the given graph data. The data provided in the graph primarily consists of relationships between different entities such as drugs, studies, researchers, and terms, but it does not contain any information specifically related to the age of individuals in the Renal impairment group 3 group. In order to calculate the mean age in this group, data on the ages of individuals in the group would be needed."
What is the nan haemodialysis status in the Renal impairment group 2 group?,['nan nan (nan)'],Haemodialysis did not affect exposure of semaglutide in the renal impairment group.,False,"The study titled ""Pharmacokinetics, Safety and Tolerability of Oral Semaglutide in Subjects with Renal Impairment"" investigated the pharmacokinetics of oral semaglutide in subjects with varying degrees of renal impairment, including those with end-stage renal disease (ESRD) requiring haemodialysis. The study included 71 participants divided into groups based on renal function: normal, mild, moderate, severe, and ESRD.

For the ESRD group, which is the focus of your question, the study found that haemodialysis did not significantly affect the pharmacokinetics of semaglutide. Specifically, the area under the curve (AUC) and maximum concentration (Cmax) of semaglutide did not show a consistent pattern of increase or decrease across the renal function groups, including those undergoing haemodialysis. The estimated ratio of the AUC during haemodialysis to the predicted AUC was close to 1 (0.97, 95% CI 0.92‚Äì1.01), indicating that haemodialysis did not significantly alter semaglutide exposure.

Additionally, the study reported that semaglutide was not generally detected in urine samples, except for one subject in the ESRD group, suggesting minimal renal excretion. This aligns with the understanding that semaglutide is primarily metabolized by proteolytic cleavage and not significantly cleared by the kidneys.

In terms of safety, oral semaglutide was well-tolerated across all renal function groups, including those with ESRD. The adverse events reported were consistent with those observed for other GLP-1 receptor agonists, with no new safety concerns identified.

In conclusion, the study suggests that renal impairment, including ESRD requiring haemodialysis, does not necessitate dose adjustments for oral semaglutide. However, it is important to note that the study's short duration limits conclusions on long-term safety, and further research is needed to confirm these findings over extended periods.",False,,False,False,0,0,"The nan haemodialysis status in the Renal impairment group 2 group is not directly mentioned in the given graph data. The data primarily focuses on relationships between different entities such as drugs, metabolism, toxicology, studies, and individuals involved in the field. The information provided does not contain specific details about the nan haemodialysis status in the Renal impairment group 2 group. Additional information or data related to this specific topic would be needed to provide a comprehensive answer."
What is the mean weight in the Renal impairment group 3 group?,['85.5 kg (mean)'],87.2 kg,False,"The mean weight for the Renal Impairment Group 3, which corresponds to the ""Moderate"" renal impairment group, is 87.2 kg with a standard deviation of 15.8 kg. This information is derived from the baseline demographic and clinical characteristics provided in the study results.

In clinical research, understanding the baseline characteristics such as weight is crucial as it can influence the pharmacokinetics and pharmacodynamics of a drug. In this study, the weight data helps to contextualize the pharmacokinetic analysis of oral semaglutide in subjects with varying degrees of renal impairment. 

It is important to note that while the mean weight provides a general idea of the group characteristics, individual variations can be significant, especially given the standard deviation. This variability can affect drug absorption, distribution, metabolism, and excretion, which are critical considerations in pharmacokinetic studies. 

The study's design and results should be interpreted with caution, considering the sample size and the inherent variability in pharmacokinetic responses among individuals with renal impairment.",False,,False,False,0,0,"The mean weight in the Renal impairment group 3 group cannot be determined from the given graph data. The graph mainly consists of relationships between various terms and entities related to drug metabolism, toxicology, and a specific study conducted on oral semaglutide. The graph does not provide any specific data on weight or the Renal impairment group 3 group. To determine the mean weight in that group, additional data or information related to weight measurements in that specific group would be needed."
What is the nan disease status in the Renal impairment group 3 group?,['nan nan (nan)'],"No specific information on ""nan disease status"" is provided for the Renal impairment group 3 (Moderate group) in the given context.",False,"The question pertains to the status of ""nan disease"" in the Renal Impairment Group 3, which corresponds to the ""Moderate"" renal impairment group in the study of oral semaglutide. However, it seems there might be a misunderstanding or typographical error regarding ""nan disease,"" as this term does not appear to be defined or relevant in the context of the study. Assuming the inquiry is about the status of participants with moderate renal impairment in the study, I will provide an analysis based on the available data.

### Study Overview
The study investigated the pharmacokinetics, safety, and tolerability of oral semaglutide in subjects with varying degrees of renal impairment, including normal, mild, moderate, severe, and end-stage renal disease (ESRD). The moderate renal impairment group consisted of 12 participants.

### Pharmacokinetics in Moderate Renal Impairment
- **Semaglutide Exposure**: The study found that semaglutide exposure, measured as the area under the plasma concentration-time curve (AUC24,Day10) and maximum concentration (Cmax,Day10), did not show a consistent pattern of increase or decrease across renal function groups. For the moderate renal impairment group, semaglutide exposure was similar to that of the normal renal function group.
- **Estimated Ratios**: The estimated ratio of AUC24,Day10 for the moderate group compared to the normal group was 1.30 (90% CI 1.08‚Äì1.57), indicating slightly higher exposure, but not clinically significant.

### Safety and Tolerability
- **Adverse Events (AEs)**: In the moderate renal impairment group, 7 out of 12 subjects (58.3%) reported adverse events. The most common AEs were gastrointestinal in nature, such as abdominal distension and vomiting.
- **Hypoglycemia**: Documented symptomatic hypoglycemia was reported in 3 subjects (25.0%) in the moderate group, with no severe hypoglycemic episodes.

### Conclusion
The study concluded that renal impairment, including moderate impairment, did not significantly affect the pharmacokinetics of oral semaglutide. The drug was well-tolerated across all renal function groups, and no dose adjustments were deemed necessary for patients with renal impairment. However, the study's short duration limits conclusions on long-term safety.

### Data Limitations
- **Sample Size**: The moderate renal impairment group had only 12 participants, which may limit the generalizability of the findings.
- **Short Duration**: The study's short duration does not allow for long-term safety assessments.

If ""nan disease"" refers to a specific condition or aspect not covered here, please provide additional context or clarification.",False,,False,False,0,0,"Based on the graph data provided, there is no direct information about the nan disease status in the Renal impairment group 3 group. The data primarily focuses on relationships between different entities such as drugs, metabolism, toxicology, studies, and individuals involved in research.

To determine the nan disease status in the Renal impairment group 3 group, additional information or data specifically related to this group and their health status would be needed. This could include clinical trial results, medical records, or research studies that specifically address the nan disease status in individuals with renal impairment in group 3.

Without this specific information, it is not possible to provide a comprehensive answer to the question about the nan disease status in the Renal impairment group 3 group based on the given graph data."
What is the mean weight in the Renal impairment group 2 group?,['87.2 kg (mean)'],87.2 kg,True,"The mean weight for the Renal Impairment Group 2, which corresponds to the group with mild renal impairment, is 83.4 kg with a standard deviation of 19.5 kg. This data is derived from the baseline demographic and clinical characteristics provided in the study. 

In clinical research, understanding the baseline characteristics such as weight is crucial as it can influence the pharmacokinetics and pharmacodynamics of a drug. In this study, the weight data helps to contextualize the pharmacokinetic analysis of oral semaglutide in subjects with varying degrees of renal impairment. 

It is important to note that while the mean weight provides a general idea of the group characteristics, the standard deviation indicates variability within the group, suggesting that individual weights may vary significantly from the mean. This variability can be a factor in the interpretation of pharmacokinetic data and potential dosing considerations. 

If you have further questions or need additional details, feel free to ask.",False,,False,True,1,1,"The mean weight in the Renal impairment group 2 group cannot be determined based on the given graph data. The graph data provided does not contain any information related to weight or Renal impairment group 2 group. To calculate the mean weight in the Renal impairment group 2 group, specific data on weights of individuals in that group would be needed."
What is the count renal function group in the Renal impairment group 3 group?,['12.0 nan (count)'],Moderate (n = 12),True,"In the study titled ""Pharmacokinetics, Safety and Tolerability of Oral Semaglutide in Subjects with Renal Impairment,"" the participants were categorized into different groups based on their renal function. The ""Renal impairment group 3"" corresponds to the group with moderate renal impairment. According to the available data, this group consisted of 12 participants.

The classification of renal impairment was based on creatinine clearance, which is a measure of kidney function. For the moderate renal impairment group, the creatinine clearance range was 34‚Äì56 mL/min/1.73 m¬≤. This classification aligns with the Cockcroft-Gault formula, which is commonly used to estimate renal function.

In summary, the moderate renal impairment group (group 3) in this study included 12 participants. This group was part of a broader investigation into how varying degrees of renal impairment affect the pharmacokinetics, safety, and tolerability of oral semaglutide, a GLP-1 receptor agonist used in the management of type 2 diabetes. The study aimed to determine if renal impairment necessitates adjustments in dosing for this medication.",True,,True,True,1,1,"The count of renal function group in the Renal impairment group 3 group is not explicitly mentioned in the provided graph data. The graph primarily consists of relationships and connections between different entities such as drugs, studies, individuals, and terms related to drug metabolism and toxicology. 

To determine the count of renal function group in the Renal impairment group 3 group, additional information or data specifically related to this group would be needed. This could include specific data on the renal function group within the Renal impairment group 3 group, such as the number of individuals or patients in that group, their characteristics, any specific studies or trials they are involved in, and any relevant outcomes or findings related to their renal function. 

Without this specific information, it is not possible to provide a comprehensive answer to the question regarding the count of renal function group in the Renal impairment group 3 group based on the given graph data."
What is the mean weight in the Renal impairment group 4 group?,['85.5 kg (mean)'],The mean weight in the Renal impairment group 4 (Severe) is 85.5 kg.,True,"The mean weight for the Renal Impairment Group 4, which corresponds to the ""Severe"" renal impairment group, is 85.5 kg with a standard deviation of 12.2 kg. This data is derived from the baseline demographic and clinical characteristics provided in the study. 

In clinical research, understanding the baseline characteristics such as weight is crucial as it can influence the pharmacokinetics and pharmacodynamics of a drug. In this study, the weight data helps to contextualize the pharmacokinetic analysis of oral semaglutide in patients with varying degrees of renal impairment. 

It is important to note that while the mean weight provides a general idea of the population's body mass, individual variations can still significantly impact drug metabolism and efficacy. Additionally, the study's sample size for each renal impairment group is relatively small (n=12 for the severe group), which may limit the generalizability of the findings.",True,,True,True,1,1,"The mean weight in the Renal impairment group 4 group cannot be determined from the given graph data. The graph data provided mainly consists of relationships and connections between different entities such as drugs, studies, and individuals in the field of drug metabolism and toxicology. There is no specific information related to weight or the Renal impairment group 4 group in the graph data. To calculate the mean weight in the Renal impairment group 4 group, specific weight data for individuals in that group would be needed."
What is the nan haemodialysis status in the Renal impairment group 4 group?,['nan nan (nan)'],"Haemodialysis did not affect semaglutide exposure in the Renal impairment group 4 (ESRD) as the estimated ratio was 0.97 (95% CI 0.92‚Äì1.01), which is close to 1.",True,"The study titled ""Pharmacokinetics, Safety and Tolerability of Oral Semaglutide in Subjects with Renal Impairment"" investigated the effects of renal impairment on the pharmacokinetics of oral semaglutide, a glucagon-like peptide-1 (GLP-1) receptor agonist. The study included subjects with varying degrees of renal impairment, categorized into normal, mild, moderate, severe, and end-stage renal disease (ESRD) groups. The ESRD group consisted of 11 participants who required haemodialysis.

Key findings related to the ESRD group are as follows:

1. **Pharmacokinetics**: The study found that haemodialysis did not significantly affect the pharmacokinetics of semaglutide. The area under the curve (AUC) and maximum concentration (Cmax) of semaglutide did not show a consistent pattern of increase or decrease across different renal function groups, including those with ESRD. Specifically, the estimated ratio of AUC during haemodialysis to the predicted AUC was close to 1 (0.97, 95% CI 0.92‚Äì1.01), indicating minimal impact of dialysis on semaglutide exposure.

2. **Safety and Tolerability**: Oral semaglutide was well-tolerated across all renal function groups, including those with ESRD. The incidence of adverse events (AEs) did not increase with the degree of renal impairment. The most common AEs were gastrointestinal in nature, which is typical for GLP-1 receptor agonists. No severe hypoglycemic episodes were reported, and the overall safety profile was consistent with other GLP-1 receptor agonists.

3. **Clinical Implications**: The study concluded that renal impairment, including ESRD requiring haemodialysis, does not necessitate dose adjustments for oral semaglutide. This is clinically relevant as it suggests that oral semaglutide can be used in patients with varying degrees of renal impairment without the need for dose modification.

4. **Data Limitations**: The study's short duration limits conclusions on long-term safety. Additionally, while the sample size was adequate for the study's objectives, larger studies could provide more robust data, particularly for long-term outcomes.

In summary, the study provides evidence that oral semaglutide is pharmacokinetically stable and well-tolerated in patients with renal impairment, including those undergoing haemodialysis, supporting its use without dose adjustment in this population. However, further long-term studies are warranted to confirm these findings.",True,,True,True,1,1,"The nan haemodialysis status in the Renal impairment group 4 group is not directly mentioned in the provided graph data. The data primarily focuses on relationships between different entities such as drugs, metabolism, toxicology, studies, and individuals involved in research. To determine the nan haemodialysis status in the Renal impairment group 4 group, additional information related specifically to this topic would be required."
What is the percent disease status in the Renal impairment group 4 group?,['41.7 % (percent)'],41.70%,True,"The question pertains to the percentage of disease status in the ""Renal impairment group 4,"" which corresponds to the ""Severe"" renal impairment group in the study. Based on the provided data, the study categorized subjects into different groups based on their renal function: normal, mild, moderate, severe, and end-stage renal disease (ESRD).

For the severe renal impairment group, the study included 12 participants. The relevant data for this group includes:

- **Creatinine Clearance**: The mean creatinine clearance for the severe group was 18 mL/min/1.73 m¬≤, with a range of 15‚Äì27 mL/min/1.73 m¬≤. This measurement indicates the kidney's ability to filter waste from the blood, and lower values suggest more severe impairment.
- **Subjects with Diabetes**: In the severe renal impairment group, 5 out of 12 subjects (41.7%) had diabetes. This percentage reflects the proportion of participants in this group who were also managing diabetes, a common comorbidity in patients with renal impairment.

The study aimed to assess the pharmacokinetics, safety, and tolerability of oral semaglutide in subjects with varying degrees of renal impairment. It found no consistent or clinically relevant pattern of increase or decrease in semaglutide exposure across the renal function groups, suggesting that renal impairment did not significantly affect the pharmacokinetics of oral semaglutide.

It is important to note that while the study provides valuable insights, the sample size for each group was relatively small (11-12 participants per group), which may limit the generalizability of the findings. Further research with larger sample sizes could provide more robust data on the effects of renal impairment on semaglutide pharmacokinetics and safety.",True,,True,True,1,1,"Based on the graph data provided, there is no direct information regarding the disease status in the Renal impairment group 4 group. The graph primarily shows relationships between different entities such as drugs, toxicity studies, study dates, terms and conditions, researchers, and conversion equations.

To determine the percent disease status in the Renal impairment group 4 group, additional information specific to that group would be needed. This could include data on the number of individuals in the group, the number of individuals with a disease, the type of disease, and any relevant treatment or intervention data.

Without this specific information, it is not possible to calculate the percent disease status in the Renal impairment group 4 group."
What is the mean body mass index (bmi) in the Renal impairment group 4 group?,['28.5 kg/m¬≤ (mean)'],30.1,False,"The mean body mass index (BMI) for the group with severe renal impairment, which corresponds to ""Renal impairment group 4,"" is 28.5 kg/m¬≤ with a standard deviation of 3.9 kg/m¬≤. This data is derived from the baseline demographic and clinical characteristics provided in the study on the pharmacokinetics, safety, and tolerability of oral semaglutide in subjects with varying degrees of renal impairment.

In clinical research, BMI is a commonly used measure to assess body weight relative to height and is calculated as weight in kilograms divided by the square of height in meters (kg/m¬≤). It is an important parameter in studies involving pharmacokinetics and drug safety, as body composition can influence drug distribution and metabolism.

It is important to note that while the study provides detailed information on BMI and other baseline characteristics, the sample size for each renal impairment group is relatively small (n=12 for the severe group), which may limit the generalizability of the findings. Additionally, the study's focus on pharmacokinetics and safety means that BMI is primarily used as a descriptive statistic rather than a primary endpoint.",True,,True,False,0,0,"The mean body mass index (bmi) in the Renal impairment group 4 group cannot be determined based on the provided graph data. The graph data primarily consists of relationships between different entities related to drug metabolism, toxicology, and research studies. The information provided does not include specific data on body mass index in the Renal impairment group 4 group. To calculate the mean body mass index in this group, specific data on the body mass index measurements of individuals in the Renal impairment group 4 group would be needed."
What is the percent disease status in the Renal impairment group 2 group?,['25.0 % (percent)'],25.00%,True,"The question pertains to the ""percent disease status"" in the ""Renal impairment group 2,"" which seems to refer to the group with mild renal impairment in the context of the study on oral semaglutide. Based on the provided data, the study categorized subjects into different groups based on their renal function: normal, mild, moderate, severe, and end-stage renal disease (ESRD).

For the mild renal impairment group, the study included 12 subjects. The relevant data for this group includes:

- **Creatinine Clearance**: The mean creatinine clearance for the mild renal impairment group was 71 mL/min/1.73 m¬≤, with a range of 60‚Äì89 mL/min/1.73 m¬≤. This measurement is used to assess kidney function, with lower values indicating reduced renal function.
- **Subjects with Diabetes**: In the mild renal impairment group, 2 out of 12 subjects (16.7%) had diabetes.

The study aimed to evaluate the pharmacokinetics, safety, and tolerability of oral semaglutide in subjects with varying degrees of renal impairment. It found no consistent pattern of increase or decrease in semaglutide exposure across the renal function groups, suggesting that renal impairment did not significantly affect the pharmacokinetics of semaglutide. This implies that the dosing of oral semaglutide may not need adjustment based on renal function alone.

However, it is important to note that the study's sample size was relatively small, with only 12 subjects in the mild renal impairment group, which may limit the generalizability of the findings. Further studies with larger sample sizes would be beneficial to confirm these results and ensure the safety and efficacy of semaglutide in patients with renal impairment.",False,,False,True,1,1,"The provided graph data does not contain any information related to disease status in the Renal impairment group 2 group. The data primarily focuses on relationships between different entities such as drugs, metabolism, toxicology, studies, and individuals involved in the research process. Therefore, it is not possible to determine the percent disease status in the Renal impairment group 2 group based on the given information."
What is the count renal function group in the Renal impairment group 2 group?,['12.0 nan (count)'],The count of the renal function group in the Renal impairment group 2 group (Moderate) is 12.,True,"In the study titled ""Pharmacokinetics, Safety and Tolerability of Oral Semaglutide in Subjects with Renal Impairment,"" the participants were categorized into different groups based on their renal function. The ""Renal impairment group 2"" refers to the group with mild renal impairment. According to the available data, this group consisted of 12 subjects. 

The study aimed to assess the pharmacokinetics, safety, and tolerability of oral semaglutide, a glucagon-like peptide-1 (GLP-1) receptor agonist, in subjects with varying degrees of renal impairment. The participants were divided into five groups based on their renal function: normal (n=24), mild (n=12), moderate (n=12), severe (n=12), and end-stage renal disease (ESRD) (n=11).

The study found that semaglutide exposure, measured as the area under the plasma concentration-time curve (AUC24,Day10) and maximum concentration (Cmax,Day10), did not show a consistent pattern of variation across the different renal function groups. This suggests that renal impairment did not significantly affect the pharmacokinetics of oral semaglutide. Additionally, the study concluded that renal impairment should not necessitate dose adjustments for oral semaglutide.

It is important to note that while the study provides valuable insights, the sample size for each renal impairment group was relatively small, which may limit the generalizability of the findings. Further research with larger sample sizes and longer study durations would be beneficial to confirm these results and assess long-term safety.",True,,True,True,1,1,"The count of renal function group in the Renal impairment group 2 group is not explicitly provided in the given graph data. The data primarily focuses on relationships between different entities such as drugs, metabolism, toxicology, studies, and individuals involved in the field. To determine the count of renal function group in the Renal impairment group 2 group, additional information or data specific to this group would be needed."
What is the mean creatinine clearance in the Renal impairment group 1 group?,['71.0 mL/min/1.73 m¬≤ (mean)'],The mean creatinine clearance in the Renal impairment group 1 (Mild) is 71 mL/min/1.73 m¬≤.,True,"The mean creatinine clearance for the Renal Impairment Group 1, which corresponds to the ""Mild"" renal impairment group in the study, is 71 mL/min/1.73 m¬≤. This value is derived from the baseline demographic and clinical characteristics provided in the study, which categorizes renal impairment based on creatinine clearance ranges. Specifically, the ""Mild"" group is defined by a creatinine clearance range of 60‚Äì89 mL/min/1.73 m¬≤, with a mean value of 71 mL/min/1.73 m¬≤.

Creatinine clearance is a measure used to assess kidney function, indicating how well the kidneys are filtering waste from the blood. It is often adjusted for body surface area to standardize the measurement across individuals of different sizes. The Cockcroft-Gault formula, which considers age, weight, serum creatinine, and sex, is commonly used to estimate creatinine clearance.

It is important to note that the study's findings are based on a specific cohort and may not be generalizable to all populations. Additionally, the study's design and sample size may limit the precision of these estimates.",True,,True,True,1,1,"The mean creatinine clearance in the Renal impairment group 1 group cannot be determined from the given graph data. The data provided mainly focuses on relationships between different entities such as drugs, studies, and researchers in the field of drug metabolism and toxicology. The creatinine clearance value for the Renal impairment group 1 group would typically be obtained from a clinical study or trial directly measuring this parameter in individuals with renal impairment. Without specific data on creatinine clearance values in the Renal impairment group 1 group, it is not possible to calculate the mean value."
What is the mean body mass index (bmi) in the Renal impairment group 3 group?,['30.1 kg/m¬≤ (mean)'],The mean body mass index (BMI) in the Renal impairment group 3 (Moderate) is 30.1 kg/m¬≤.,True,"The mean body mass index (BMI) for the group with moderate renal impairment, referred to as ""Renal impairment group 3"" in the study, is 30.1 kg/m¬≤ with a standard deviation of 5.2 kg/m¬≤. This information is derived from the baseline demographic and clinical characteristics provided in the study results.

BMI is a measure of body fat based on height and weight that applies to adult men and women. It is calculated by dividing a person's weight in kilograms by the square of their height in meters (kg/m¬≤). A BMI of 30.1 kg/m¬≤ falls into the category of obesity according to the World Health Organization's classification.

It is important to note that while BMI is a useful screening tool, it does not directly measure body fat or distribution, and other factors such as muscle mass and bone density can influence BMI. Additionally, the study's sample size for each renal impairment group is relatively small (n=12 for the moderate group), which may limit the generalizability of the findings.",True,,True,True,1,1,"The mean body mass index (bmi) in the Renal impairment group 3 group cannot be determined from the given graph data. The graph data provided primarily consists of relationships between different entities such as drugs, studies, researchers, and conversion equations. There is no direct information related to the body mass index (bmi) in the Renal impairment group 3 group. 

To calculate the mean body mass index (bmi) in the Renal impairment group 3 group, specific data related to the body mass index of individuals in that group would be required. This data could be collected through a study or research focusing on the Renal impairment group 3 group and their body mass index measurements. Without this specific data, it is not possible to determine the mean body mass index (bmi) in the Renal impairment group 3 group based on the provided graph data."
What is the nan haemodialysis status in the Renal impairment group 3 group?,['nan nan (nan)'],"The status in the Renal impairment group 3 (Moderate) regarding haemodialysis is not explicitly stated in the provided context. However, for the ESRD group, haemodialysis did not affect exposure to semaglutide or SNAC, with an estimated ratio of exposure close to 1 for both.",False,"The study titled ""Pharmacokinetics, Safety and Tolerability of Oral Semaglutide in Subjects with Renal Impairment"" investigated the effects of renal impairment on the pharmacokinetics of oral semaglutide, a glucagon-like peptide-1 (GLP-1) receptor agonist. The study included subjects with varying degrees of renal impairment, categorized into groups: normal renal function, mild, moderate, severe renal impairment, and end-stage renal disease (ESRD) requiring haemodialysis.

For the group with moderate renal impairment (Group 3), the study found that semaglutide exposure, measured as the area under the plasma concentration-time curve (AUC24,Day10) and maximum concentration (Cmax,Day10), did not show a consistent pattern of increase or decrease across the renal function groups. Specifically, the exposure in the moderate renal impairment group was similar to that in the normal renal function group. The estimated ratio for AUC24,Day10 was 1.30 (90% CI 1.08‚Äì1.57), indicating a slight increase in exposure compared to the normal group, but this was not considered clinically significant.

The study also assessed the impact of haemodialysis on semaglutide pharmacokinetics in the ESRD group. It was found that haemodialysis did not significantly affect semaglutide exposure, as the ratio of AUC during haemodialysis to the predicted AUC was close to 1 (estimated ratio: 0.97, 95% CI 0.92‚Äì1.01).

Overall, the study concluded that renal impairment, including ESRD requiring haemodialysis, did not significantly impact the pharmacokinetics of oral semaglutide. Therefore, dose adjustments for semaglutide may not be necessary for patients with renal impairment. However, it is important to note that the study's short duration limits conclusions on long-term safety, and further research is needed to confirm these findings over extended periods.

In summary, for the moderate renal impairment group, semaglutide pharmacokinetics were not significantly altered, and haemodialysis did not affect drug exposure in the ESRD group. These findings suggest that oral semaglutide can be used without dose adjustment in patients with varying degrees of renal impairment.",True,,True,False,0,0,"The nan haemodialysis status in the Renal impairment group 3 group is not directly mentioned in the given graph data. The graph primarily focuses on relationships between different terms and entities related to drug metabolism, toxicology, and specific studies or trials. 

Therefore, without specific information or connections to nan haemodialysis status in the Renal impairment group 3 group within the graph data provided, it is not possible to provide a comprehensive answer to the question. Additional information or data specifically related to nan haemodialysis status in the Renal impairment group 3 group would be needed to address this inquiry accurately."
What is the mean body mass index (bmi) in the Reference group with normal renal function group?,['28.4 kg/m¬≤ (mean)'],The mean body mass index (BMI) in the Reference group with normal renal function is 28.4 kg/m¬≤.,True,"The mean body mass index (BMI) for the reference group with normal renal function in the study ""Pharmacokinetics, Safety and Tolerability of Oral Semaglutide in Subjects with Renal Impairment"" is reported as 28.4 kg/m¬≤ with a standard deviation of 3.9 kg/m¬≤. This data is derived from a sample size of 24 participants in the normal renal function group.

BMI is a measure of body fat based on height and weight that applies to adult men and women. It is calculated by dividing a person's weight in kilograms by the square of their height in meters. A BMI of 28.4 kg/m¬≤ falls into the overweight category according to the World Health Organization's classification.

It is important to note that while BMI is a useful screening tool, it does not directly measure body fat or distribution, and other factors such as muscle mass and bone density can influence BMI results. Additionally, the study's sample size and specific population characteristics may limit the generalizability of these findings to broader populations.",True,,True,True,1,1,"The provided graph data does not contain any information related to body mass index (bmi) or the Reference group with normal renal function. Therefore, it is not possible to determine the mean bmi in the Reference group with normal renal function group based on the given data. Additional information related to bmi measurements in the Reference group with normal renal function would be needed to calculate the mean bmi accurately."
What is the mean creatinine clearance in the Renal impairment group 3 group?,['47.0 mL/min/1.73 m¬≤ (mean)'],The mean creatinine clearance in the Moderate renal impairment group is 47 mL/min/1.73 m¬≤.,True,"The mean creatinine clearance for the Renal Impairment Group 3, which corresponds to the ""Moderate"" renal impairment group in the study, is 47 mL/min/1.73 m¬≤. This value is derived from the baseline demographic and clinical characteristics provided in the study results. 

Creatinine clearance is a measure used to assess kidney function, specifically how well the kidneys are able to filter creatinine from the blood. It is often used to estimate the glomerular filtration rate (GFR), which is a key indicator of renal function. In this study, the creatinine clearance values were likely calculated using the Cockcroft-Gault formula, which takes into account age, weight, serum creatinine, and sex, and adjusts for body surface area.

It is important to note that the study categorizes renal impairment into different groups based on creatinine clearance ranges: mild (60‚Äì89 mL/min/1.73 m¬≤), moderate (30‚Äì59 mL/min/1.73 m¬≤), severe (15‚Äì29 mL/min/1.73 m¬≤), and end-stage renal disease (ESRD, <15 mL/min/1.73 m¬≤ or requiring dialysis). The moderate group falls within the 30‚Äì59 mL/min/1.73 m¬≤ range, and the mean value of 47 mL/min/1.73 m¬≤ is consistent with this classification.

This study's findings are limited by the sample size and the short duration of the trial, which may not fully capture long-term safety and efficacy outcomes. Additionally, the variability in semaglutide exposure observed in the study suggests that individual responses may differ, and further research could help clarify these findings.",True,,True,True,1,1,"The mean creatinine clearance in the Renal impairment group 3 group cannot be determined from the given graph data. The graph primarily contains information related to drug metabolism, toxicology, studies, and individuals involved in the field. Creatinine clearance is a measure of kidney function and would typically be found in a clinical dataset or study specific to renal impairment. To determine the mean creatinine clearance in the Renal impairment group 3 group, one would need access to specific data or studies related to renal impairment and not just the information provided in the graph."
What is the mean weight in the Reference group with normal renal function group?,['84.9 kg (mean)'],84.9 kg,True,"The mean weight of subjects in the reference group with normal renal function is 84.9 kg, with a standard deviation of 12.9 kg. This data is derived from a study investigating the pharmacokinetics, safety, and tolerability of oral semaglutide in subjects with varying degrees of renal impairment. The study categorized participants into different groups based on their renal function, including normal, mild, moderate, severe, and end-stage renal disease (ESRD).

The mean weight is an important baseline characteristic that can influence the pharmacokinetics of a drug, as body weight can affect the volume of distribution and clearance rates. However, the study did not find a consistent pattern of semaglutide exposure across different renal function groups, suggesting that renal impairment did not significantly alter the pharmacokinetics of oral semaglutide.

It is important to note that while the mean weight provides a general idea of the population's characteristics, individual responses to medication can vary based on a multitude of factors, including but not limited to weight. Additionally, the study's sample size and design may limit the generalizability of the findings to broader populations.",True,,True,True,1,1,"The mean weight in the Reference group with normal renal function group cannot be determined from the given graph data. The data provided in the graph primarily focuses on relationships between different entities such as drugs, studies, researchers, and terms, but it does not contain any information related to the weights of individuals in the Reference group with normal renal function group. In order to calculate the mean weight in this specific group, weight data for individual subjects within the group would be necessary."
What is the mean age in the Reference group with normal renal function group?,['52.0 years (mean)'],The mean age in the Reference group with normal renal function is 52 years.,True,"The mean age of the subjects in the reference group with normal renal function is 52 years, with a standard deviation of 8 years. This information is derived from the baseline demographic and clinical characteristics provided in the study. The reference group consists of 24 subjects with normal renal function, as indicated in the study design.

In clinical research, the mean age is an important demographic characteristic that helps to understand the population being studied. It provides context for interpreting the study results, especially when comparing different groups, such as those with varying degrees of renal impairment. The standard deviation indicates the variability in age within the group, which can be relevant for assessing the generalizability of the study findings.

It is important to note that while the mean age provides a central tendency, individual ages can vary, and the standard deviation gives an idea of this spread. In this study, the mean age of 52 years suggests that the study population is middle-aged, which is typical for studies involving type 2 diabetes and renal impairment, as these conditions are more prevalent in this age group.

The data provided does not indicate any limitations regarding the mean age calculation, but it is always prudent to consider the sample size and demographic diversity when interpreting such data.",True,,True,True,1,1,"The mean age in the Reference group with normal renal function cannot be determined based on the provided graph data. The graph primarily consists of relationships between different entities and does not include any specific data related to age or demographics of the Reference group with normal renal function. In order to calculate the mean age in this group, additional information such as age data for individuals in the group would be needed."
What is the count renal function group in the Renal impairment group 4 group?,['12.0 nan (count)'],12,True,"The question pertains to the number of participants in the ""Renal impairment group 4"" within a study on the pharmacokinetics, safety, and tolerability of oral semaglutide in subjects with renal impairment. Based on the provided information, the study categorizes participants into different groups based on the severity of renal impairment. These groups are:

1. Normal renal function (n=24)
2. Mild renal impairment (n=12)
3. Moderate renal impairment (n=12)
4. Severe renal impairment (n=12)
5. End-stage renal disease (ESRD) (n=11)

The ""Renal impairment group 4"" corresponds to the group with severe renal impairment, which includes 12 participants. This categorization is based on the Cockcroft-Gault formula, which estimates creatinine clearance to assess renal function. Severe renal impairment is typically characterized by a creatinine clearance of 15‚Äì29 mL/min/1.73 m¬≤.

In clinical studies, such stratification is crucial for understanding how different levels of renal function affect the pharmacokinetics and safety of medications. This study aims to determine whether renal impairment impacts the pharmacokinetics of oral semaglutide, a glucagon-like peptide-1 (GLP-1) receptor agonist used in the management of type 2 diabetes. The study's findings suggest that renal impairment does not significantly alter the pharmacokinetics of semaglutide, indicating that dose adjustments may not be necessary for patients with varying degrees of renal impairment. However, it is important to note that the study's short duration limits conclusions on long-term safety.",True,,True,True,1,1,"The count of renal function group in the Renal impairment group 4 group is not explicitly provided in the given graph data. The graph data primarily consists of relationships and connections between different entities such as drugs, studies, terms, and individuals involved in drug metabolism and toxicology. 

To determine the count of renal function group in the Renal impairment group 4 group, additional information or data specifically related to this group would be required. The graph data provided does not directly mention Renal impairment group 4 or any specific information about renal function groups within this context. 

Therefore, without more information or specific data related to the Renal impairment group 4 group and its renal function group count, it is not possible to provide a comprehensive answer to this question based on the given graph data."
What is the mean creatinine clearance in the Renal impairment group 4 group?,['18.0 mL/min/1.73 m¬≤ (mean)'],The mean creatinine clearance in the Renal impairment group 4 (Severe) is 18 mL/min/1.73 m¬≤.,True,"The mean creatinine clearance for the Renal Impairment Group 4, which corresponds to the ""Severe"" renal impairment group, is 18 mL/min/1.73 m¬≤. This value is derived from the study's baseline demographic and clinical characteristics, which categorize renal impairment based on creatinine clearance. The severe renal impairment group is defined by a creatinine clearance range of 15‚Äì27 mL/min/1.73 m¬≤, with a mean of 18 mL/min/1.73 m¬≤.

Creatinine clearance is a measure used to assess kidney function, specifically the rate at which the kidneys can clear creatinine from the blood. It is often used to estimate the glomerular filtration rate (GFR), which is a key indicator of renal function. In clinical studies, creatinine clearance is typically adjusted for body surface area to standardize the measurement across individuals of different sizes.

It is important to note that the study's findings are based on a specific cohort of patients with varying degrees of renal impairment, and the results may not be generalizable to all populations. Additionally, the study's design and sample size may limit the precision of the creatinine clearance estimates.",True,,True,True,1,1,"The mean creatinine clearance in the Renal impairment group 4 group cannot be determined from the given graph data. The data provided in the graph primarily consists of relationships between different entities such as drugs, studies, researchers, and terms related to drug metabolism and toxicology. Creatinine clearance is a measure of kidney function and would typically be found in a dataset or study specifically focusing on renal function or kidney health. Without specific data on creatinine clearance values in the Renal impairment group 4 group, it is not possible to calculate the mean creatinine clearance for that particular group."
What is the nan haemodialysis status in the Reference group with normal renal function group?,['nan nan (nan)'],The nan haemodialysis status in the Reference group with normal renal function is not applicable or not provided in the context.,False,"The study titled ""Pharmacokinetics, Safety and Tolerability of Oral Semaglutide in Subjects with Renal Impairment"" investigated the pharmacokinetics of oral semaglutide in subjects with varying degrees of renal function, including those with normal renal function, mild, moderate, and severe renal impairment, as well as end-stage renal disease (ESRD) requiring haemodialysis.

In the reference group with normal renal function (n=24), the pharmacokinetic parameters of semaglutide were assessed to establish a baseline for comparison with the other groups. The study found that semaglutide exposure, measured as the area under the plasma concentration-time curve from time zero to 24 hours after the tenth dose (AUC24,Day10) and the maximum concentration after the tenth dose (Cmax,Day10), did not show a consistent pattern of variation across the different renal function groups. Specifically, the mean exposure of semaglutide in the normal renal function group was used as a reference to compare with the other groups.

The results indicated that haemodialysis did not affect the pharmacokinetics of semaglutide. This was evidenced by the fact that the ratio of the observed AUC of semaglutide during haemodialysis to the predicted AUC was close to 1, suggesting no significant impact of haemodialysis on semaglutide exposure.

In conclusion, the study suggests that renal impairment, including in patients undergoing haemodialysis, does not significantly alter the pharmacokinetics of oral semaglutide. Therefore, dose adjustments for semaglutide may not be necessary based solely on renal function. However, it is important to note that the study's duration was relatively short, and long-term safety data are still needed to fully understand the implications of semaglutide use in patients with renal impairment.",True,,True,False,0,0,"The nan haemodialysis status in the Reference group with normal renal function group is not directly mentioned in the given graph data. The data primarily focuses on relationships between different entities such as drugs, metabolism, toxicology, studies, and individuals involved in the field. The graph does not provide specific information about the nan haemodialysis status in a specific group. It is possible that this information may be found in a different dataset or source related to the specific study or trial mentioned in the graph."
What is the percent disease status in the Reference group with normal renal function group?,['0.0 % (percent)'],0%,True,"The question pertains to the percentage of disease status in the reference group with normal renal function in a study investigating the pharmacokinetics, safety, and tolerability of oral semaglutide in subjects with varying degrees of renal impairment.

From the provided data, the reference group with normal renal function consists of 24 subjects. The study details indicate that none of these subjects had diabetes, as the number of subjects with diabetes in the normal renal function group is reported as 0. This is in contrast to the groups with renal impairment, where the presence of diabetes increases with the severity of renal impairment.

To summarize, in the reference group with normal renal function (n=24), 0% of the subjects had diabetes. This is a critical baseline characteristic, as the presence of diabetes can significantly influence the pharmacokinetics and safety profile of antidiabetic medications like semaglutide.

It is important to note that the study's design aimed to compare the pharmacokinetics of semaglutide across different levels of renal function, and the absence of diabetes in the normal renal function group provides a clear baseline for these comparisons. However, the study does not provide further details on other disease statuses within this group, such as other comorbidities, which could also be relevant to the study outcomes.",True,,True,True,1,1,"The percent disease status in the Reference group with normal renal function group cannot be determined from the given graph data. The graph primarily shows a series of relationships and connections between different entities, such as drugs, studies, individuals, and terms. It does not provide specific information about disease status or the distribution of disease within different groups. To determine the percent disease status in the Reference group with normal renal function group, additional data or information related to the health status of individuals in that specific group would be needed."
What is the count renal function group in the Reference group with normal renal function group?,['24.0 nan (count)'],24,True,"The question pertains to the number of subjects in the reference group with normal renal function in a clinical study investigating the pharmacokinetics, safety, and tolerability of oral semaglutide in subjects with varying degrees of renal impairment. According to the provided information, the reference group with normal renal function consists of 24 subjects. This group serves as a baseline for comparison against groups with different levels of renal impairment, including mild, moderate, severe, and end-stage renal disease (ESRD).

In clinical studies, the reference group with normal renal function is crucial for understanding how renal impairment affects drug pharmacokinetics and safety. The study design typically involves comparing pharmacokinetic parameters such as the area under the plasma concentration-time curve (AUC) and maximum concentration (Cmax) across different renal function groups. This helps determine if renal impairment necessitates dose adjustments or if it affects the drug's safety profile.

The study's findings indicated no consistent pattern of increase or decrease in semaglutide exposure across the renal function groups, suggesting that renal impairment, including ESRD, does not significantly impact the pharmacokinetics of oral semaglutide. This implies that dose adjustments may not be necessary for patients with renal impairment, although long-term safety data are still needed to confirm these findings.

It is important to note that while the study provides valuable insights, the sample size for each group is relatively small, which may limit the generalizability of the results. Further studies with larger populations and longer durations are needed to fully understand the implications of renal impairment on the use of oral semaglutide.",True,,True,True,1,1,"The count of renal function group in the Reference group with normal renal function group is not explicitly provided in the given graph data. The data primarily consists of relationships and connections between various entities such as drugs, studies, terms, conditions, and individuals involved in drug metabolism and toxicology.

To determine the count of renal function group in the Reference group with normal renal function group, additional information or data related to renal function groups would be needed. This could include specific references to renal function groups, their classifications, and any connections or relationships they may have with the entities mentioned in the graph data.

Without this specific information, it is not possible to provide a comprehensive answer to the question regarding the count of renal function group in the Reference group with normal renal function group based on the given graph data."
What is the mean age in the Renal impairment group 4 group?,['57.0 years (mean)'],The mean age in the Renal impairment group 4 (Severe) is 57 years.,True,"The mean age of participants in the ""Severe"" renal impairment group, which corresponds to ""Renal impairment group 4,"" is 57 years with a standard deviation of 12 years. This information is derived from the baseline demographic and clinical characteristics provided in the study. 

In clinical research, the mean age is an important demographic characteristic as it helps to understand the population being studied and can influence the interpretation of the study's findings. The standard deviation provides insight into the variability of ages within the group, indicating how much individual ages deviate from the mean age. 

It is important to note that while the mean age provides a central tendency, the standard deviation indicates the spread of ages, which can be crucial for understanding the diversity of the study population. Additionally, the study's findings and conclusions may be more applicable to populations with similar age distributions. 

If you have further questions or need additional details, feel free to ask.",True,,True,True,1,1,"The mean age in the Renal impairment group 4 group cannot be determined from the provided graph data. The data mainly consists of relationships between different entities in the fields of drug metabolism, toxicology, and research studies, but there is no specific information related to the age of individuals in the Renal impairment group 4 group. To calculate the mean age in this group, additional data specifically related to the age of individuals in this group would be needed."
What is the percent sex in the Renal impairment group 4 group?,['75.0 % (percent)'],75.00%,True,"In the study titled ""Pharmacokinetics, Safety and Tolerability of Oral Semaglutide in Subjects with Renal Impairment,"" the ""Renal impairment group 4"" refers to the group with severe renal impairment. According to the data provided, this group consisted of 12 participants, with 75% being male. This translates to 9 out of the 12 participants in the severe renal impairment group being male.

This information is relevant for understanding the demographic distribution of the study participants, which can influence the interpretation of pharmacokinetic and safety data. It is important to note that sex differences can sometimes affect drug metabolism and response, although the study does not specifically address any sex-based differences in outcomes.

The study aimed to assess the pharmacokinetics, safety, and tolerability of oral semaglutide across different levels of renal function, including normal, mild, moderate, severe, and end-stage renal disease (ESRD). The findings indicated that renal impairment did not significantly affect the pharmacokinetics of semaglutide, suggesting that dose adjustments may not be necessary for patients with varying degrees of renal impairment. However, the study's short duration limits conclusions about long-term safety, and further research may be needed to confirm these findings over extended periods.",True,,True,True,1,1,"The graph data provided does not contain any information related to the Renal impairment group 4 or any information related to sex within that group. Therefore, it is not possible to determine the percent sex in the Renal impairment group 4 group based on the given data."
What is the mean creatinine clearance in the Reference group with normal renal function group?,['107.0 mL/min/1.73 m¬≤ (mean)'],The mean creatinine clearance in the Normal renal function group is 107 mL/min/1.73 m¬≤.,True,"The mean creatinine clearance in the reference group with normal renal function is reported as 107 mL/min/1.73 m¬≤, with a range of 90 to 132 mL/min/1.73 m¬≤. Creatinine clearance is a measure used to assess kidney function, specifically the rate at which the kidneys can clear creatinine from the blood. It is often used to estimate the glomerular filtration rate (GFR), which is a key indicator of renal function.

In this study, subjects with normal renal function were included as a reference group to compare the pharmacokinetics, safety, and tolerability of oral semaglutide across different levels of renal impairment. The creatinine clearance values for this group indicate that their renal function is within the normal range, which is typically considered to be above 90 mL/min/1.73 m¬≤.

It is important to note that while creatinine clearance provides a useful estimate of kidney function, it can be influenced by factors such as age, sex, and muscle mass. Therefore, it is often used in conjunction with other clinical assessments to evaluate renal health. Additionally, the study's findings should be interpreted with caution, as the sample size and study duration may limit the generalizability of the results.",True,,True,True,1,1,"The mean creatinine clearance in the Reference group with normal renal function group cannot be determined from the provided graph data. The graph mainly contains information related to drug metabolism, toxicology studies, and individuals involved in the research process. Creatinine clearance is a measure of kidney function and would typically be obtained from clinical data or research studies specifically focused on renal function. The graph does not provide any direct information on creatinine clearance values or the Reference group with normal renal function."
What is the percent sex in the Reference group with normal renal function group?,['62.5 % (percent)'],62.5,True,"In the study titled ""Pharmacokinetics, Safety and Tolerability of Oral Semaglutide in Subjects with Renal Impairment,"" the reference group with normal renal function consisted of 24 subjects. Among these subjects, 15 were male, which corresponds to 62.5% of the group. This demographic detail is important for understanding the baseline characteristics of the study population, as sex can influence pharmacokinetics and pharmacodynamics.

The study aimed to assess the pharmacokinetics, safety, and tolerability of oral semaglutide, a glucagon-like peptide-1 (GLP-1) receptor agonist, in subjects with varying degrees of renal impairment. The inclusion of a reference group with normal renal function allows for comparison across different levels of renal function, which is crucial for determining any potential impact of renal impairment on the drug's pharmacokinetic profile.

It is important to note that while the study provides valuable insights, the sample size for each group, including the reference group, is relatively small. This limitation should be considered when interpreting the results, as it may affect the generalizability of the findings. Additionally, the study's short duration does not allow for conclusions on the long-term safety and efficacy of oral semaglutide in this population. Further research with larger sample sizes and longer follow-up periods would be beneficial to confirm these findings and provide more comprehensive safety data.",True,,True,True,1,1,"The percent sex in the Reference group with normal renal function group cannot be determined based on the provided graph data. The graph data primarily consists of relationships between different entities such as drugs, studies, terms & conditions, and individuals involved in drug metabolism and toxicology. There is no direct information or connection provided in the graph data that specifically relates to the sex distribution in the Reference group with normal renal function group. Additional data or information would be needed to calculate the percent sex in that particular group."
